id,title,audience,desc,revenue,stakeholders,daily,investment,mbti,mbti_why,image,marketing,content,margins,supplies
1,Online Thrift Shop,"Eco-conscious millennials seeking unique, affordable fashion finds.","Want to start a business that's both stylish and sustainable? An online thrift shop is a great idea! Sell gently used clothes, accessories, and home decor online.",Sell thrift items on your platform and earn a profit. Partner with Indian brands. Offer styling services.,"Local thrift stores, wholesale suppliers. Courier services. Support staff.","Finding and curating second-hand items. Creating website and social media. Marketing through Instagram, Facebook.",Initial stock of thrifted items. Website development and maintenance. Influencer marketing.,ISTP,ISTPs are practical problem-solvers who enjoy working with tangible objects.,https://i.spread.name/fe8fe7d6-318a-4510-aa07-5d2895563739_bizlite-example-posts-first-set-white.png,Leverage Instagram and Pinterest. Create style guides. Host flash sales. Collaborate with eco-conscious influencers. Customer reviews and UGC.,"Lookbooks, style guides, thrift haul videos, before-and-after transformations.",25-40% gross margin on resold items,"Second-hand clothing from thrift stores, garage sales, online marketplaces"
2,Driving Instructor,Anxious new drivers and rusty adults seeking confidence behind the wheel.,Have a passion to teach real-life skills to others? Use your driving skills and help people learn to drive safely.,Hourly or package-based driving lessons. Refresher courses. Partnering with driving schools for referrals.,Local transport authorities for certification. Local driving community. Car dealerships.,Lesson planning. Scheduling. Practical lessons. Vehicle maintenance.,Vehicle with dual controls. Licensing and certification. Insurance. Dashboard camera.,ISTJ,"ISTJs are detail-oriented, patient, and good at following and enforcing rules.",https://i.spread.name/7955275a-bcde-4735-acc9-e5b9ba6de8a9_driving.png,Online reviews and word-of-mouth. Social media ads. Referral program. Partner with automotive companies. YouTube channel.,"Driving tips, road safety content, student success stories.",60-70% margin after fuel and insurance costs,"Dual-control vehicle, dashcam, lesson plan materials"
3,Plant-Based Food Delivery,"Health-conscious urbanites seeking convenient, eco-friendly nutrition solutions.",Are you passionate about healthy eating and plant-based cuisine? Start a plant-based food delivery service catering to busy professionals and health-conscious individuals.,Meal subscriptions or one-time orders. Partnerships with gyms and yoga studios. Catering for events.,Local farmers or suppliers for fresh produce. Chefs experienced in plant-based cuisine.,Menu planning. Ingredient sourcing. Meal preparation. Packaging and delivery. Marketing.,Commercial kitchen space or cloud kitchen. Marketing budget and online ordering platform. Licenses.,INFJ,"INFJs have strong values and desire to make a positive impact. They can develop unique, healthy menus.",https://i.spread.name/bb82e271-cace-4b83-9dff-3639c160dd0e_3.png,Social media presence. Content marketing. Influencer collaborations. Local events. Referral programs.,"Recipe videos, nutrition tips, behind-the-scenes kitchen content, customer stories.",30-50% margin depending on ingredient costs and pricing,"Fresh organic produce from Azadpur Mandi, INA Market; packaging materials"
4,Social Media Marketing Agency,Small to medium-sized businesses seeking digital growth and brand visibility.,Are you a social media enthusiast? Start a social media marketing agency. Indian businesses are increasingly recognizing the importance of social media presence.,Monthly retainer fees for ongoing management. Project-based fees. Training and workshop services.,Businesses and entrepreneurs needing social media services. Influencers for collaborations.,Developing social media strategies. Creating engaging content. Managing social media campaigns. Staying updated on trends.,Team of skilled social media professionals. Marketing software and tools. Strong online presence.,ENFP,"ENFPs are creative, enthusiastic, and great at understanding and connecting with people.",https://i.spread.name/846149bc-3cb4-4a6e-ab4d-f9594dcda848_4.png,Portfolio development. Networking. Social media presence. Referral programs. Content marketing.,"Marketing tips, case studies, industry insights, social media trend reports.",40-60% margin on retainer clients,"Social media management tools, design software, analytics platforms"
5,Custom Gifting Store,"Thoughtful gift-givers seeking unique, personalized presents for special occasions.","Want to help people express their emotions through unique gifts? Start a custom gifting store offering personalized photo albums, engraved items, and accessories.",Sales of customized gifts. Bulk orders for corporate gifting. Online sales.,Suppliers for raw materials and printing services. Local businesses for corporate gifting.,Designing and creating unique gift ideas. Building online presence. Ensuring timely delivery.,Design software and printing equipment. Marketing budget. Skilled designers.,ESFJ,"ESFJs are attuned to others' needs and feelings, making them excellent at selecting personalized gifts.",https://i.spread.name/f9beec48-be9e-4b93-b504-0756bc20a5c3_5.png,Social media campaigns. Influencer partnerships. Seasonal promotions. Email marketing. Corporate gifting packages.,"Gift idea guides, personalization tutorials, customer unboxing videos.",50-100% markup on personalized items,"Printing equipment, blank products, customization materials"
6,Crockery Store,Style-conscious homemakers and entertainers seeking quality tableware.,"Have you considered starting a crockery store? With the rise of home decor and entertaining, offer products from casual dinnerware to formal table settings.",Sales of crockery products. Personalized services like monogramming. Partnering with event planners.,"Suppliers, local businesses for corporate gifting.",Stock management. Customer service. Order fulfillment. Supplier relations.,Initial inventory. Store fixtures. POS system.,ESTJ,"ESTJs are practical, organized, and good at managing details.",https://i.spread.name/6ac499b8-792f-44f0-9f44-2c0495efed1f_6.png,Social media showcasing. Collaborate with influencers. Seasonal sales. Corporate gifting. Work with event planners.,"Table setting guides, home decor inspiration, product unboxings.",50-150% markup depending on category,"Ceramic, porcelain, glass tableware from wholesalers"
7,Home Decor Brand,Style-savvy homeowners seeking to express personality through curated living spaces.,Want to help people turn their houses into homes? Start a home decor brand offering products that reflect personalities.,Sales online and offline. Custom design and consulting services. Collaborations with interior designers.,Suppliers for raw materials and manufacturing. Interior designers for collaborations.,Designing and sourcing products. Building brand and online presence. Marketing.,Design team. Manufacturing facilities. Marketing budget.,ISFP,"ISFPs have a strong aesthetic sense and enjoy creating beautiful, harmonious environments.",https://i.spread.name/3e5d86d5-e709-476e-8b08-da6e62b98a38_7.png,Social media campaigns. Collaborate with influencers. Host flash sales. Partner with interior designers.,"Home styling tips, before-and-after transformations, product showcase.",40-80% depending on product category,"Raw materials from local manufacturers, artisans"
8,Health & Fitness Coaching,Individuals seeking physical and mental balance through structured coaching.,"Start a health and fitness coaching business providing personalized workout plans, nutritional guidance, and lifestyle advice.",Coaching packages. Group fitness classes. Online programs. Corporate wellness programs.,"Clients seeking personalized fitness guidance. Gyms, fitness studios.",Client assessments. Training sessions. Nutrition coaching. Marketing and client acquisition.,Certification. Home office or gym space. Fitness equipment. Marketing.,ENFJ,ENFJs are natural mentors who enjoy helping others reach their potential.,https://i.spread.name/6c9499eb-fdb4-4d07-b7d2-b556b1e6612c_8.png,Social media. Collaborate with influencers. Free trials. Email marketing. Corporate partnerships.,"Workout videos, nutrition tips, transformation stories, wellness advice.",70-80% margin on coaching services,"Fitness equipment, nutrition tracking apps, video conferencing tools"
9,Event Planning Business,"Time-strapped professionals and couples seeking polished, stress-free event experiences.","Want to help people create unforgettable experiences? Start an event planning business managing weddings, corporate events, birthdays, and product launches.",Planning and execution fees. Commission-based sales for venue bookings. Package deals.,"Venues, caterers, and vendors. Local businesses for corporate events.",Client consultations. Vendor coordination. Budget management. On-site event management.,Event planning software. Website and marketing. Vendor relationships.,ESFP,"ESFPs are outgoing, fun-loving, and great at thinking on their feet.",https://i.spread.name/02e4cbf4-b0dd-41e3-84e0-a3409416ada6_9.png,Social media presence. Partnerships with venues. Referrals. Blogging. Attend industry events.,"Event inspiration, behind-the-scenes planning content, vendor spotlights.",10-20% of event budget,"Event planning software, decor inventory, vendor contacts"
10,Art & Craft Supplies Store,Creative enthusiasts and hobbyists seeking quality supplies to fuel artistic passions.,Want to help artists and crafty people bring their ideas to life? Start an art and craft supplies store offering unique and high-quality art supplies.,Sales of art and craft supplies. Workshops and classes. Online sales.,Suppliers for art and craft materials. Local artists for workshops.,Sourcing unique supplies. Building community of artists. Marketing.,Storefront or online platform. Inventory. Experienced staff.,INFP,"INFPs are creative and imaginative, with a good understanding of artistic needs.",https://i.spread.name/a50be6b4-01b6-4bf0-9774-65de0ac3e49f_10.png,Social media campaigns. Workshops and events. School collaborations. DIY kits. Loyalty programs.,"Art tutorials, supply reviews, creative project ideas, artist spotlights.",40-100% markup on specialty art supplies,"Paints, canvases, brushes, crafting materials from art wholesalers"
11,Language Learning Platform,Ambitious globetrotters and professionals seeking language skills for career advancement.,Want to help people connect with different cultures? Start a language learning platform offering online courses and live tutoring.,Subscription fees. One-time course purchases. Live tutoring services. Corporate training.,Language teachers and instructors. Educational institutions.,Course development. Platform management. Customer support. Marketing.,Website and app development. Content creation. Marketing.,ENTP,"ENTPs are innovative and adaptable, great at coming up with new teaching methods.",https://i.spread.name/88934463-66d9-4ad7-8204-7cbdcc42fdd4_11.png,Content marketing. Referral programs. Social media. Influencer collaborations. Free trial classes.,"Language tips, cultural insights, student success stories, teaching methodology.",60-80% margin on digital courses,"Video recording equipment, language learning software, online platform"
12,Pet Grooming Center,Devoted pet parents seeking top-notch care and pampering for their furry family members.,"Want to help pet owners keep their furry friends clean and happy? Start a pet grooming center offering bathing, trimming, nail care, and more.",Grooming services. Pet product sales. Additional services like walking or training.,Pet suppliers for grooming products. Veterinarians for referrals.,Providing high-quality grooming. Building loyal customer base. Marketing.,Grooming equipment. Facilities. Trained and experienced groomers.,ESFJ,"ESFJs are nurturing, empathetic, and great at building relationships.",https://i.spread.name/9f813299-1d2a-4047-b17c-138bca04dadd_12.png,Social media presence. Referral programs. Collaborate with pet-related businesses. Special packages.,"Pet care tips, grooming before-and-afters, cute pet photos.",50-70% margin on grooming services,"Pet shampoos, clippers, grooming tables, dryers"
13,Dance Studio,"Energetic individuals seeking self-expression, fitness, and social connection through dance.",Want to get people moving? Start a dance studio offering various dance styles from classical to contemporary.,Membership fees. Sales of dance apparel. Workshops and events.,Dance instructors. Fitness and wellness businesses.,Offering variety of dance classes. Building dance community. Marketing.,Studio space. Experienced instructors. Robust marketing.,ESFP,"ESFPs are energetic, expressive, and in tune with their physical senses.",https://i.spread.name/f166f4b5-7a6a-46ed-93b1-a4d6610c664b_13.png,Social media. Offer free trial classes. Collaborate with schools. Dance competitions. Seasonal promotions.,"Dance tutorials, performance videos, student spotlights, class schedules.",50-70% margin on membership fees,"Sound system, mirrors, dance floors, costumes"
14,Bed & Breakfast,"Discerning travelers seeking intimate, locally-flavored lodging experiences.",Want to offer a home away from home? Start a bed and breakfast offering personalized service and unique experiences for travelers.,Room bookings. Food and beverages. Partnerships with local tour operators.,Local suppliers and vendors. Travel and tourism businesses.,Providing exceptional customer service. Maintaining property. Marketing.,Well-maintained property. Strong relationships with suppliers. Marketing.,ENFJ,"ENFJs are warm, welcoming, and excellent at building relationships.",https://i.spread.name/50250092-61d7-4f27-a8f5-8694608c1bb7_14.png,Online travel platforms. Social media. Collaborate with local businesses. Referral programs. Seasonal promotions.,"Guest stories, local area guides, room tour videos, breakfast recipes.",40-60% margin after operating costs,"Bedding, amenities, kitchen supplies, decor"
15,Test Preparation Services,Ambitious students and career-changers seeking a competitive edge in high-stakes exams.,"Want to help students succeed? Start test preparation services covering JEE, NEET, UPSC, CAT, GMAT, and other competitive exams.",Course fees. One-on-one tutoring. Mock tests. Study materials.,Experienced instructors and educators. Educational institutions.,Developing and delivering courses. Building reputation. Marketing.,Expertise in test preparation. Strong communication skills. Robust marketing.,INTJ,INTJs excel at strategic thinking and creating efficient systems.,https://i.spread.name/ab6c7f21-e50b-4073-8778-df7262e156bb_15.png,Social media advertising. Referral programs. Collaborations with schools. Free webinars. Success stories.,"Study tips, exam strategies, student testimonials, subject explanations.",60-75% margin on course fees,"Study materials, online learning platform, practice test software"
16,Home Cleaning Services,Time-pressed professionals and homeowners seeking a pristine living environment.,Want to help people live cleaner and healthier lives? Start home cleaning services offering regular and deep cleaning solutions.,Service fees for one-time and recurring cleaning. Sales of cleaning products. Corporate partnerships.,Trained and reliable cleaning staff. Suppliers of cleaning products.,Providing high-quality cleaning services. Building loyal customer base. Marketing.,Expertise in cleaning and customer service. Staff. Marketing.,ISTJ,"ISTJs are detail-oriented, reliable, and have a strong work ethic.",https://i.spread.name/fc255326-13dc-442b-8218-6b1604b6fb65_16.png,Online presence. Social media. Referral program. Collaborate with real estate agents. Flyers.,"Cleaning tips, before-and-after transformations, eco-friendly cleaning guides.",50-60% margin after staff and supply costs,"Cleaning chemicals, equipment, uniforms from wholesale suppliers"
17,Event Catering Services,Hosts and event organizers seeking to impress guests with memorable culinary experiences.,"Want to serve up success? Start event catering services for weddings, corporate gatherings, parties, and family celebrations.",Service fees for catering events. Food and beverage sales. Partnerships.,Experienced chefs and catering staff. Suppliers of food and beverages.,Providing high-quality catering. Building reputation. Marketing.,Expertise in food preparation. Staff. Vehicles for transport.,ENFJ,ENFJs are excellent at understanding and meeting people's needs.,https://i.spread.name/9216059b-0698-4a5d-9ea6-2de8ad676bc0_17.png,Social media engagement. Website and SEO. Partnerships with event planners. Offer tasting events.,"Recipe showcases, event highlights, behind-the-scenes kitchen content.",25-40% margin on catering contracts,"Commercial kitchen equipment, food service vehicles, quality ingredients"
18,Yoga & Meditation Classes,Stressed urbanites seeking physical and mental balance in their hectic lives.,"Want to help people find inner peace? Start a yoga and meditation studio offering classes in Hatha, Vinyasa, meditation, and pranayama.",Membership fees. Sales of accessories. Corporate wellness programs.,Yoga and meditation instructors. Wellness centers.,Offering high-quality classes. Building community. Marketing.,Studio space. Experienced instructors. Marketing.,INFJ,"INFJs are insightful and empathetic, able to create a calming atmosphere.",https://i.spread.name/aa4fe590-5d42-42b6-b747-81a8adcaa1ed_18.png,Social media. Referral programs. Collaborate with local businesses. Workshops. Loyalty programs.,"Yoga tutorials, meditation guides, wellness tips, instructor spotlights.",60-75% margin on memberships and classes,"Yoga mats, blocks, straps, meditation cushions, sound system"
19,Agro Processing Unit,Health-conscious consumers and businesses seeking quality locally-sourced processed food.,Want to help farmers add value to their products? Start an agro processing unit converting raw agricultural produce into value-added products.,Sales of processed products. Value-added services. Supply contracts.,Farmers and agricultural producers. Food manufacturers.,Processing and packaging agricultural products. Building relationships. Marketing.,Processing equipment and facilities. Skilled staff. Marketing.,ESTJ,"ESTJs are practical, organized, and good at implementing systems.",https://i.spread.name/10e2bdb0-8173-424d-a9a2-20c4856a573d_19.png,Partnerships with farmers. Retail and distributor networking. Branding. Export market penetration. E-commerce.,"Farm-to-table stories, processing techniques, product showcases.",20-40% margin on processed goods,"Grains, fruits, vegetables from local farmers; packaging materials"
20,Home Bakery,"Indulgence-seeking foodies craving artisanal, homemade baked treats.","Want to share your passion for baking? Start a home bakery offering customized cakes, pastries, and other baked goods.","Sales through online orders, events, or local cafes. Catering services.",Suppliers for ingredients and baking equipment. Local cafes or restaurants.,Developing unique recipes. Building online presence. Ensuring quality.,Commercial baking equipment. Ingredients. Marketing platform.,ISFP,ISFPs have a strong aesthetic sense and enjoy creating with their hands.,https://i.spread.name/06b12155-5359-441e-b198-9fb31be5fa7d_20.png,Social media marketing. Partner with local cafes. Offer free tastings. Seasonal promotions. Word-of-mouth.,"Baking tutorials, cake decorating videos, recipe shares, customer order showcases.",50-70% margin on baked goods,"Quality flour, butter, eggs, sugar, specialty ingredients from wholesale suppliers"
21,Freelance Writing,"Time-strapped businesses seeking polished, engaging written content.","Want to tell stories and share ideas? Start a freelance writing career offering blog posts, articles, website content, and copywriting.",Article and blog post writing. Copywriting. Editing and proofreading services.,Content marketing agencies. Businesses and websites.,Writing high-quality content. Building portfolio. Marketing.,Strong writing skills. Ability to meet deadlines. Marketing.,INTP,"INTPs are analytical, creative, and enjoy exploring complex ideas.",https://i.spread.name/fce7c6f8-5305-4b8b-b61b-0c2088f1e768_21.png,Create portfolio website. Leverage LinkedIn. Cold emailing. Guest blogging. Networking.,"Writing tips, content marketing guides, case studies.",80-90% margin (primarily labor),"Laptop, writing software, Grammarly, research tools"
22,Products Selling,Tech-savvy shoppers seeking convenience and value across diverse product categories.,Turn your passion into a profitable online business by selling products through e-commerce platforms.,Sales through online marketplaces. Commission-based affiliate marketing. Building loyal customer base.,Reliable suppliers for high-quality products. E-commerce platforms.,Sourcing and listing products. Creating engaging descriptions. Providing top-notch customer service.,Understanding of target audience. Ability to market effectively. Logistics management.,ESTP,"ESTPs are energetic, persuasive, and quick-thinking.",https://i.spread.name/d23c688c-3fb9-4edc-9825-8b916c7125b8_22.png,Social media marketing. Search engine optimization. Email marketing. Influencer partnerships. Seasonal promotions.,"Product reviews, unboxing videos, comparison guides, shopping tips.",15-50% depending on product category,"Products from wholesalers, dropshipping partners, or own manufacturing"
23,Virtual Assistant,"Overwhelmed entrepreneurs seeking efficient, flexible support for their growing businesses.","Offer virtual assistant services and help businesses and entrepreneurs manage their workload, save time, and increase productivity.",Hourly or package-based fees. Retainer-based models. Upselling additional services.,Businesses and entrepreneurs. Software and tool providers.,"Providing administrative, technical, or creative support. Managing emails, calendars. Building relationships.",Strong communication and organizational skills. Proficiency in virtual tools. Marketing.,ISTJ,"ISTJs are detail-oriented, organized, and reliable.",https://i.spread.name/744dcdbb-9dcf-4dff-a60d-6ee679811164_23.png,Professional website. Leverage LinkedIn. Join online marketplaces. Networking. Offer free consultation.,"Productivity tips, tool reviews, remote work guides, business support content.",80-90% margin (primarily labor),"Laptop, internet, productivity software, communication tools"
24,Affiliate Marketing,Aspiring digital entrepreneurs seeking passive income through online content creation.,Partner with businesses and promote their products or services to earn a commission for each sale made through your unique referral link.,Commission-based earnings. Building loyal audience. Diversifying income streams.,Businesses and product creators. Affiliate networks.,Creating engaging content. Building trust with audience. Staying updated.,Strong online presence. Ability to create compelling content. Understanding of target audience.,ENTP,ENTPs are innovative and strategic thinkers.,https://i.spread.name/09820faf-0e37-4449-b8fd-8701d62048ea_24.png,Search engine optimization. Social media marketing. Email marketing. Content collaboration. How-to guides.,"Product reviews, comparison content, niche tutorials, income reports.",5-30% commission on referred sales,"Website/blog, content creation tools, SEO software, email marketing platform"
25,Nutritional Coach,Health-conscious individuals seeking personalized guidance for optimal nutrition and wellness.,Offer personalized nutritional coaching to individuals seeking a healthier lifestyle with huge potential in the growing wellness field.,Coaching packages. Creating and selling online courses. Partnerships with wellness centers.,Clients seeking personalized nutrition guidance. Wellness centers.,Assessing clients' nutritional needs. Creating meal plans. Providing ongoing support.,Certification in nutrition. Strong listening skills. Ability to empathize.,INFJ,"INFJs are insightful and empathetic, able to create personalized plans.",https://i.spread.name/dca97197-a387-41c9-991a-9b5e2deaf1d4_25.png,Social media presence. Content marketing. Free workshops or webinars. Referral program. Gym partnerships.,"Nutrition guides, meal prep ideas, healthy recipes, client transformations.",70-80% margin on coaching services,"Nutrition tracking software, consultation platform, educational materials"
26,Fitness Coach,Motivated individuals seeking personalized guidance to achieve their fitness goals.,Offer personalized fitness coaching to individuals seeking a healthier and more active lifestyle.,Coaching packages. Creating and selling online fitness programs. Partnerships with gyms.,"Clients seeking personalized fitness guidance. Gyms, fitness studios.",Assessing clients' fitness goals. Creating workout plans. Providing ongoing motivation.,Certification in fitness. Strong understanding of fitness principles. Ability to motivate.,ENFJ,ENFJs are natural mentors with strong leadership skills.,https://i.spread.name/3a50cc5a-c396-4b66-9f7f-8f6ed89c347e_26.png,Social media. Build email list. Collaborate with gyms. Offer free workshops. Referral program.,"Workout videos, fitness tips, transformation stories, training guides.",70-80% margin on coaching,"Fitness equipment, workout tracking apps, video recording gear"
27,Network Marketing,Ambitious individuals seeking flexible income opportunities through direct sales.,Join a network marketing company and build a business by selling products and recruiting others to join your network.,Sales of products. Commission on network sales. Leadership bonuses.,Network marketing company. Customers seeking products. Team members.,Building relationships. Selling products. Training team members.,Strong communication skills. Ability to build trust. Understanding of network marketing model.,ESFJ,"ESFJs are sociable, empathetic, and good at building relationships.",https://i.spread.name/1bcf5eab-8732-4f47-b7f3-a7db6740de03_27.png,Leverage social media. Host virtual events. Referral program. Build personal brand. Attend networking events.,"Product testimonials, success stories, team culture content.",20-50% commission depending on structure,"Product samples, marketing materials, CRM tools"
28,Stock Photography,"Creative professionals and businesses seeking high-quality, diverse imagery.","If you have a good camera and an eye for photography, consider selling your photos on stock image websites.",Royalties from photo sales. Licensing fees. Volume sales through subscription models.,Stock image websites. Photographers and contributors. Customers.,Taking high-quality photos. Uploading and tagging. Promoting portfolio.,Good camera equipment. Understanding of lighting and composition. Ability to manage photos online.,ISFP,ISFPs have a strong aesthetic sense and are attuned to visual details.,https://i.spread.name/b3c19dbc-5c63-4949-b02a-ddf53dafdfdd_28.png,Optimize SEO on stock platforms. Social media presence. Build personal website. Collaborate with bloggers. Diversify platforms.,"Photography tips, behind-the-scenes shoots, editing tutorials.",15-40% royalty on each download,"Professional camera, lenses, editing software, cloud storage"
29,Consulting Services,Decision-makers in organizations seeking expert guidance to solve complex problems.,"If you have expertise in a particular area, consider offering consulting services to individuals or businesses.",Hourly or project-based consulting fees. Retainer-based models. Package deals.,Clients seeking expert advice. Other consultants for collaborations.,Identifying areas of expertise. Building professional network. Delivering high-quality consulting.,Strong expertise in a particular area. Excellent communication skills. Ability to analyze problems.,ENTJ,ENTJs are strategic thinkers with strong leadership skills.,https://i.spread.name/8de5cf82-4b00-42d9-b27e-b7fefe7df951_29.png,Content marketing. Networking. Referral program. LinkedIn outreach. Offer free consultations.,"Industry insights, case studies, whitepapers, expert commentary.",70-85% margin on consulting fees,"Laptop, presentation tools, industry research subscriptions"
30,Personalised Gifting,"Thoughtful gift-givers seeking unique, meaningful presents for special occasions.","Offer personalized gifting services, creating customized gifts for special occasions with unique, one-of-a-kind items.",Sales of personalized gifts. Custom orders. Partnerships with event planners.,Suppliers of gift materials and printing services. Customers.,Designing and creating personalized gifts. Marketing. Building customer relationships.,Creativity and design skills. Access to printing materials. Ability to understand customer preferences.,ENFP,"ENFPs are creative, empathetic, and good at understanding people.",https://i.spread.name/7286ffe6-22f0-4b0d-ba4c-4054beaa3821_30.png,Social media marketing. Collaborate with event planners. Offer seasonal promotions. Referral program. Influencer partnerships.,"Gift inspiration, customization processes, customer testimonials.",50-100% markup on personalized items,"Printing equipment, blank products, engraving tools, packaging"
31,Candle Making,"Ambiance-seeking individuals and businesses desiring artisanal, aromatic candles.",Start a candle-making business creating scented and unscented candles for home decor and gift-giving.,Sales online and offline. Custom orders. Wholesale partnerships.,"Suppliers of wax, fragrances, and materials. Customers.","Creating high-quality, unique candles. Marketing. Building customer relationships.",Knowledge of candle-making techniques. Access to quality materials. Ability to create unique fragrances.,ISFP,"ISFPs have a strong aesthetic sense and enjoy creating beautiful, sensory experiences.",https://i.spread.name/2dddbed7-5ac4-45d6-abe5-040e53b5fe82_31.png,Social media campaigns. Collaborate with influencers. Seasonal promotions. Pop-up shops. Partner with retailers.,"Candle-making tutorials, fragrance guides, home styling tips.",50-70% margin on handmade candles,"Soy wax, beeswax, essential oils, wicks, containers, molds"
32,Caricature Artist,"Fun-loving individuals and event planners seeking unique, personalized entertainment.","Offer custom caricature services, creating humorous and exaggerated portraits for events, gifts, and entertainment.",Live caricature services for events. Custom commissions. Corporate clients. Merchandise.,Event planners and party organizers. Customers.,"Creating high-quality, humorous caricatures. Marketing. Building relationships with event planners.",Artistic talent and caricature skills. Ability to work under pressure. Understanding of humor.,ENTP,"ENTPs are quick-thinking and observant, able to capture unique characteristics quickly.",https://i.spread.name/e576442f-e1b2-4610-b786-434a8647164d_32.png,Social media promotion. Collaborate with event planners. Offer free giveaways. Attend local markets. Build online portfolio.,"Caricature time-lapses, event highlights, client reactions.",70-80% margin on event services,"Drawing tablet, pens, paper, portable setup"
33,Illustrator,Creative professionals and businesses seeking unique visual storytelling.,"Offer custom illustration services, creating unique and imaginative artwork for clients in various industries.",Freelance illustration projects. Sales of stock illustrations. Licensing of illustrations.,"Clients in publishing, advertising, and other industries. Other creatives for collaborations.","Creating high-quality, imaginative illustrations. Marketing. Building relationships.",Artistic talent and illustration skills. Understanding of visual storytelling. Ability to work independently.,INFP,"INFPs are imaginative and creative, often with a unique artistic vision.",https://i.spread.name/2d2dbf58-a775-41c6-baf1-5f2f2a008341_33.png,Build strong online presence. Collaborate with writers and brands. Offer free resources. Run contests. Attend art markets.,"Illustration process videos, artwork showcases, creative tutorials.",60-80% margin on commissions,"Drawing tablet, illustration software, reference materials"
34,Makeup Artist,Image-conscious individuals seeking professional makeup expertise for special occasions.,"Offer makeup services for special occasions, events, and everyday looks in the growing beauty industry.",Makeup services for clients. Sales of makeup products. Partnerships with beauty businesses.,Clients seeking makeup services. Beauty suppliers.,Providing high-quality makeup services. Marketing. Building relationships.,Makeup skills and training. Understanding of different skin types. Ability to work under pressure.,ESFP,"ESFPs are hands-on, adaptable, and attuned to aesthetics.",https://i.spread.name/84fd460e-026d-417f-9e1e-179f19988804_34.png,Instagram and YouTube. Collaborate with photographers. Offer referral discounts. Attend bridal shows. Portfolio website.,"Makeup tutorials, product reviews, transformation videos, bridal looks.",60-70% margin on makeup services,"Professional makeup kit, brushes, skincare products, lighting"
35,Yoga Instructor,Health-conscious individuals seeking physical and mental balance through guided yoga practice.,"Offer yoga classes, workshops, and private sessions, teaching various yoga styles and techniques.",Yoga class and workshop fees. Private session fees. Partnerships with studios.,"Yoga students and clients. Yoga studios, gyms.",Teaching high-quality yoga classes. Marketing. Building relationships with students.,Yoga training and certification. Understanding of various yoga styles. Ability to create peaceful environment.,INFJ,"INFJs are insightful and empathetic, able to create a calming atmosphere.",https://i.spread.name/8f33750d-3dd2-430d-8ed6-e1433488faf3_35.png,Social media presence. Collaborate with local businesses. Offer free introductory classes. Referral program. Yoga challenges.,"Yoga tutorials, mindfulness guides, student testimonials, practice tips.",65-75% margin on classes and workshops,"Yoga mats, blocks, straps, sound system, studio space"
36,Zumba Fitness Trainer,"Energetic individuals seeking fun, effective workouts that blend fitness with dance.","Offer Zumba fitness classes, workshops, and private sessions, teaching high-energy dance workouts.",Zumba class and workshop fees. Private session fees. Corporate sessions.,"Zumba students and clients. Gyms, studios, community centers.",Teaching high-energy Zumba classes. Marketing. Building relationships.,Zumba training and certification. Understanding of dance and fitness. Ability to create fun environment.,ESFP,"ESFPs are energetic, fun-loving, and in tune with their physical senses.",https://i.spread.name/a8afe362-e1de-4252-869e-3493edc67c23_36.png,Social media marketing. Offer free trial classes. Partner with gyms. Run referral programs. Host themed events.,"Zumba workout clips, dance fitness tips, class highlights.",60-70% margin on classes,"Music system, comfortable workout attire, space"
37,Pilates Trainer,"Body-aware individuals seeking to improve core strength, posture, and physical well-being.","Offer Pilates classes, workshops, and private sessions, teaching low-impact exercises for core strength.",Pilates class and workshop fees. Private session fees. Corporate programs.,"Pilates students and clients. Studios, gyms.",Teaching high-quality Pilates classes. Marketing. Building relationships.,Pilates training and certification. Understanding of anatomy. Ability to create supportive environment.,ISTJ,"ISTJs are detail-oriented and patient, which is crucial for teaching proper form.",https://i.spread.name/475e0bc0-ff11-4c09-ae20-b41806d35a03_37.png,Social media marketing. Offer free trial classes. Collaborate with physiotherapy clinics. Referral programs.,"Pilates tutorials, posture correction guides, core strength tips.",60-70% margin on classes,"Reformer machines, mats, props, resistance bands"
38,Fitness Clothing Brand,"Active, style-conscious individuals seeking functional, fashionable workout wear.","Design and sell high-quality, comfortable, and stylish fitness clothing for men and women.",Sales of fitness clothing. Wholesale partnerships. Corporate orders. Subscription boxes.,"Suppliers of high-quality fabrics. Fitness influencers, ambassadors.",Designing and manufacturing fitness clothing. Marketing. Building brand.,Fashion design and production expertise. Understanding of fitness industry. Ability to create strong brand.,ESTP,ESTPs are action-oriented and attuned to trends.,https://i.spread.name/dd4d9995-f85d-4674-ba0c-a6219c12ad8c_38.png,Leverage social media influencers. Create engaging brand story. Host fitness events. Referral and loyalty programs.,"Workout outfit inspiration, fitness lifestyle content, brand stories.",40-60% margin on apparel,"Performance fabrics, manufacturing partners, packaging"
39,Fitness Supplement Business,Dedicated fitness enthusiasts and athletes seeking performance-enhancing supplements.,"Develop and sell nutritional supplements for fitness enthusiasts such as protein powder, creatine, and BCAAs.",Sales of fitness supplements. Partnerships with gyms and trainers. Affiliate programs.,"Suppliers of high-quality supplement ingredients. Gyms, trainers, influencers.",Developing and manufacturing supplements. Marketing. Building relationships.,Knowledge of nutrition and fitness. Understanding of supplement manufacturing. Marketing strategies.,ENTJ,ENTJs are strategic thinkers with strong leadership skills.,https://i.spread.name/a3697174-10e1-44d1-bbe4-c6958c4a8a88_39.png,Influencer partnerships. Content marketing. Email campaigns. Fitness events. Referral programs.,"Supplement guides, fitness tips, ingredient education, customer results.",30-50% margin after production costs,"Supplement raw materials, lab testing, packaging, manufacturing"
40,Wooden Name Boards,"Style-conscious homeowners seeking personalized, rustic decor.","Design and manufacture personalized wooden name boards for decorative purposes, such as custom names, quotes, or messages.",Sales online or at local home decor stores. Custom orders. Event signage.,Suppliers of wood and materials. Local home decor stores or online marketplaces.,Designing and manufacturing wooden name boards. Marketing. Building relationships.,Woodworking skills. Design software. Ability to create unique designs.,ISTP,ISTPs are practical and enjoy working with their hands.,https://i.spread.name/2046fdfe-4fbc-4a43-ac60-9a77dccd921c_40.png,Social media showcasing. Collaborate with interior designers. Offer personalized gifts. Participate in craft fairs.,"Woodworking process videos, home decor inspiration, customization examples.",50-70% margin on handmade items,"Wood, carving tools, paints, finishes, laser engraver"
41,Tablewares And Ceramics,"Style-conscious homemakers seeking unique, high-quality tableware.","Design and manufacture unique tableware and ceramic products such as handmade plates, bowls, cups, and utensils.",Sales online or at local home goods stores. Custom orders for restaurants. Event table rental.,"Suppliers of clay, glazes, and materials. Local home goods stores.",Designing and manufacturing tableware and ceramics. Marketing. Building relationships.,Ceramics skills and equipment. Design software. Ability to create functional and beautiful products.,ISFP,ISFPs have a strong aesthetic sense and attention to detail.,https://i.spread.name/1ff63ed8-f554-47d7-a41d-a6bf6d2516a1_41.png,Social media showcasing. Partner with restaurants. Attend craft fairs. Create limited editions. Host workshops.,"Pottery-making videos, ceramic art showcases, table styling guides.",50-70% margin on handmade ceramics,"Clay, glazes, kiln, pottery wheel, tools"
42,Homemade Organisers,"Organisation-seeking individuals valuing handcrafted, personalized storage solutions.","Create handmade organisers using natural materials like wood, fabric, or paper such as custom planners, journals, or storage boxes.",Sales at online store or craft fairs. Custom orders. Gift packaging.,Suppliers of natural materials and crafting tools. Online marketplaces.,Designing and manufacturing homemade organisers. Marketing. Building relationships.,Crafting skills and creativity. Understanding of organisation needs. Ability to create functional and stylish products.,ISTJ,"ISTJs are detail-oriented and practical, excelling at creating efficient systems.",https://i.spread.name/b7a57638-8b42-4bfa-885b-604ef4397fc4_42.png,Social media showcasing. Collaborate with influencers. Offer customization. Attend local markets. Run seasonal promotions.,"Organisation tips, product demos, home storage ideas, DIY guides.",50-60% margin on handmade organizers,"Wood, fabric, paper, tools, eco-friendly materials"
43,Handcrafted Lamps,"Design-conscious individuals seeking unique, artisanal lighting solutions.","Design and manufacture unique, handcrafted lamps using various materials like wood, metal, or glass.",Sales online or at local home decor stores. Custom orders. Collaborations with interior designers.,Suppliers of high-quality materials and lighting components. Local home decor stores.,Designing and manufacturing handcrafted lamps. Marketing. Building relationships.,Lighting design and manufacturing skills. Understanding of interior design trends. Ability to create unique products.,INFP,INFPs are creative and imaginative.,https://i.spread.name/940974b4-e449-4f2e-9ceb-45136bb3332c_43.png,Social media showcasing. Collaborate with home decor influencers. Attend local markets. Create limited editions.,"Lamp-making process, interior design inspiration, material showcases.",50-65% margin on handmade lamps,"Wood, metal, glass, electrical components, tools"
44,Miniature Art,"Art enthusiasts and collectors seeking unique, intricate, and space-efficient art pieces.","Create miniature art pieces using various mediums like painting, sculpture, or mixed media.",Sales of miniature art pieces online or at local galleries. Commissioned pieces.,Suppliers of high-quality art materials. Local art galleries.,Creating miniature art pieces. Marketing. Building relationships.,Artistic skills and creativity. Understanding of color theory. Ability to create detailed pieces.,INTP,"INTPs are detail-oriented and enjoy working on complex, intricate projects.",https://i.spread.name/2d98178d-d455-4996-930e-661160ebe292_44.png,Social media showcasing. Collaborate with art influencers. Offer limited editions. Participate in art shows. Host workshops.,"Art creation process videos, miniature art tutorials, collector spotlights.",60-75% margin on art commissions,"Miniature canvases, precision brushes, magnifying tools, specialty paints"
45,Ethnic Wear,Style-conscious individuals celebrating cultural heritage through fashion.,"Design and sell traditional or modern ethnic clothing such as sarees, kurtas, or lehengas that showcase cultural heritage.",Sales of ethnic wear online and at cultural events. Partnerships with influencers. Custom orders.,Suppliers of high-quality fabrics and materials. Influencers or cultural ambassadors.,Designing and manufacturing ethnic wear. Marketing. Building relationships.,Understanding of cultural heritage. Design skills. Ability to create authentic and modern ethnic wear.,ESFJ,ESFJs are attuned to social norms and traditions.,https://i.spread.name/351047d1-2e4b-4247-933b-cda09b9484a9_45.png,Social media showcasing. Collaborate with influencers. Offer customization. Participate in fashion shows. Run festival campaigns.,"Styling guides, cultural fashion content, artisan stories.",40-60% margin on ethnic wear,"Silk, cotton, embroidery materials, traditional fabrics"
46,Thrift Clothes Store,"Eco-conscious, budget-savvy fashion enthusiasts seeking unique, affordable clothing.","Start a thrift clothes store offering second-hand, vintage, and pre-loved clothing at affordable prices.",Sales of second-hand clothing. Upcycled or repurposed products. Partnering with fashion designers.,Clothing donors or suppliers. Fashion designers for collaborations.,Sourcing and curating high-quality second-hand clothing. Building strong brand. Marketing.,Storefront or online platform. Inventory. Strong brand identity.,ENTP,ENTPs are innovative and good at spotting trends.,https://i.spread.name/ba5e13ec-3b1a-4b58-aeef-48de57a056cf_46.png,Leverage social media. Collaborate with influencers. Host clothing swaps. Offer custom styling. Seasonal promotions.,"Thrift hauls, styling tips, sustainability content, vintage finds.",50-70% margin on thrifted items,"Second-hand clothing, garment racks, packaging"
47,Customised T-Shirts,"Creative individuals and organizations seeking personalized, expressive apparel.","Offer custom t-shirt printing services for individuals, businesses, or events allowing customers to create unique designs.",Sales of customised t-shirts. Bulk orders. Online sales through e-commerce platforms.,Suppliers of high-quality t-shirts and printing materials. Graphic designers.,Printing and manufacturing customised t-shirts. Marketing. Building relationships.,Printing equipment and software. Design skills. Ability to manage orders.,ENFP,ENFPs are creative and good at understanding people's desires.,https://i.spread.name/22982ab1-d086-4aed-9cf3-125a6445dcf5_47.png,Social media marketing. Collaborate with influencers. Offer limited editions. Run design contests. Bundle offers.,"Design process videos, custom order showcases, bulk order guides.",40-60% margin on custom apparel,"Blank t-shirts, printing machine, heat press, design software"
50,Life Coaching,Motivated individuals seeking personalized guidance to overcome obstacles and create fulfilling lives.,"Offer life coaching services to individuals, helping them set and achieve goals, overcome obstacles, and improve their overall well-being.",One-on-one coaching sessions. Group coaching sessions. Online courses and resources.,Life coaching certification organizations. Referral networks.,Coaching and guiding clients. Marketing. Continuous learning.,Life coaching certification. Strong listening skills. Ability to help clients set and achieve goals.,ENTJ,ENTJs are strategic thinkers with strong leadership skills.,https://i.spread.name/f926dd0b-3d2e-458b-83cd-d170df02d020_50.png,Leverage social media. Write blogs or articles. Offer free webinars. Collaborate. Run targeted ads.,"Productivity tips, motivation content, client success stories, goal-setting guides.",75-85% margin on coaching services,"Video conferencing software, CRM tools, coaching frameworks"
51,Oxidised Jewellery,"Style-conscious individuals seeking unique, artisanal jewelry with a rustic charm.",Design and sell handmade oxidised jewelry using techniques like patina and metal stamping to create distinctive pieces.,Sales of oxidized jewelry online or at local markets. Custom orders. Wholesale orders.,Suppliers of metal materials and jewelry findings. Online marketplaces.,Designing and crafting oxidized jewelry. Marketing. Building relationships.,Jewelry-making skills. Understanding of metalworking. Ability to create unique designs.,ISTP,ISTPs are skilled with their hands and enjoy working with tangible materials.,https://i.spread.name/86d1b284-a10b-4c1a-8f14-ff8871960296_51.png,Social media showcasing. Collaborate with fashion influencers. Offer limited collections. Attend exhibitions.,"Jewelry-making process, styling guides, metal craft tutorials.",60-70% margin on handmade jewelry,"Metals, oxidizing chemicals, jewelry tools, packaging"
52,Personalised Jewellery,"Sentimental individuals seeking unique, meaningful jewelry to commemorate special moments.","Design and sell personalized jewelry with names, initials, or special messages offering unique and thoughtful gifts.",Sales of personalized jewelry. Custom orders. Partnerships with gift shops.,Suppliers of jewelry materials and findings. Online gift shops.,Designing and crafting personalized jewelry. Marketing. Building relationships.,Jewelry-making skills. Understanding of personalization techniques. Ability to create custom designs.,INFP,INFPs are creative and empathetic.,https://i.spread.name/f62c606d-b411-4c42-a232-09ddeddf036e_52.png,Social media showcasing. Collaborate with lifestyle influencers. Run design contests. Seasonal promotions.,"Personalization process videos, gift guides, customer stories.",60-70% margin on personalized jewelry,"Gold, silver, brass, engraving tools, gemstones"
53,Hair Accessories,"Style-conscious individuals seeking versatile, trendy hair accessories.","Design and sell hair accessories like clips, headbands, or barrettes, offering fashionable and practical solutions.",Sales of hair accessories online or at local beauty supply stores. Wholesale orders.,Suppliers of hair accessory materials. Beauty industry professionals.,Designing and manufacturing hair accessories. Marketing. Building relationships.,Understanding of hair styling and fashion trends. Ability to create functional and stylish designs.,ESFP,ESFPs have a good eye for fashion trends.,https://i.spread.name/dcd68dfa-29ef-4458-8a4b-c0f5a1cc30af_53.png,Social media showcasing. Collaborate with beauty influencers. Offer customization. Seasonal promotions.,"Hair styling tutorials, accessory showcases, trend content.",50-60% margin on hair accessories,"Ribbons, clips, elastic, beads, fabric"
54,Mobile Cover And Accessories,"Tech-savvy consumers seeking stylish, functional mobile accessories.","Design and sell mobile phone cases, screen protectors, and other accessories providing functional and fashionable ways to personalize devices.",Sales of mobile accessories online or at local electronics stores. Custom orders.,Suppliers of mobile accessory materials. Online marketplaces.,Designing and manufacturing mobile accessories. Marketing. Building relationships.,Understanding of mobile device trends. Ability to create functional and stylish designs.,ESTP,ESTPs are practical and quick to adapt to trends.,https://i.spread.name/3d2ead4d-0b2f-4195-8bc0-73a44ebf5d52_54.png,Social media showcasing. Collaborate with tech influencers. Offer customization. Seasonal promotions.,"Phone accessory reviews, customization tutorials, device protection tips.",40-60% markup on mobile accessories,"Phone cases, screen protectors, printing materials, packaging"
55,Soft Toys,"Caring gift-givers seeking cuddly companions for joy, comfort, and emotional connection.","Design and sell soft toys such as plush animals, dolls, or pillows, offering comforting companions for children and adults.",Sales of soft toys online or at local gift shops. Wholesale orders. Custom orders.,Suppliers of soft toy materials. Online marketplaces or local gift shops.,Designing and manufacturing soft toys. Marketing. Building relationships.,Understanding of child development and safety. Ability to create cuddly designs.,ISFJ,ISFJs are nurturing and detail-oriented.,https://i.spread.name/bf34291a-99d2-4fde-8fd0-655dc979aafd_55.png,Social media showcasing. Collaborate with parenting influencers. Offer customization. Seasonal promotions.,"Toy-making process, soft toy care guides, gifting ideas.",50-60% margin on soft toys,"Fabric, stuffing, thread, safety eyes, sewing machine"
56,Room Rental Business,"Transient professionals and students seeking affordable, flexible living arrangements.","Start a room rental business providing clean, comfortable, and affordable rooms for short-term or long-term stays.","Room rental income. Additional services like laundry, meals.",Real estate agents or property owners. Local universities and colleges.,Managing room rentals and bookings. Maintaining rooms. Marketing.,Suitable rental properties. Understanding of local regulations. Ability to provide excellent service.,ESTJ,"ESTJs are organized and practical, excelling at managing properties.",https://i.spread.name/b07f68b6-53ca-4451-81ff-6ae380afd527_56.png,Online rental platforms. Social media. Offer discounts for longer stays. Collaborate with local businesses.,"Room tour videos, tenant testimonials, local area guides.",30-50% margin after property costs,"Furniture, bedding, appliances, cleaning supplies"
57,Home Cooked Meals,"Time-pressed, health-conscious individuals seeking convenient, homestyle meals.","Start a business offering home cooked meals for busy professionals, families, or individuals seeking healthy, convenient food options.",Sales of home cooked meals. Catering services. Online sales through delivery platforms.,Food suppliers and farmers. Nutritionists for menu planning.,Preparing and delivering fresh meals. Building relationships. Marketing.,Commercial kitchen space or home kitchen. Understanding of food safety. Ability to create varied menus.,ESFJ,ESFJs are nurturing and attentive to others' needs.,https://i.spread.name/b29a0c2b-6b3a-4597-b47f-7685a73f0d37_57.png,Social media showcasing. Partner with offices. Offer meal plans. Target health-conscious customers. Referral programs.,"Meal prep videos, healthy recipe shares, nutrition guides, customer reviews.",30-50% margin on home cooked meals,"Fresh ingredients from local markets, packaging, delivery bags"
58,Coaching Center,Ambitious professionals seeking personal and career growth.,"Start a coaching center offering specialized coaching services for students, professionals, or individuals seeking personalized guidance.",Coaching fees for individual/group sessions. Workshops and seminar fees.,"Experienced coaches or trainers. Local schools, colleges.",Assessing clients' needs. Conducting coaching sessions. Marketing.,Coaching expertise. Strong communication skills. Ability to create supportive environments.,ENFJ,ENFJs are natural teachers and mentors.,https://i.spread.name/61f0f3b4-90f2-4b73-8fe3-094e3517449a_58.png,Social media. Offer free demo classes. Run referral programs. Collaborate with schools. Use Google Ads.,"Study tips, exam strategies, motivational content, student success stories.",60-70% margin on coaching fees,"Classroom space, teaching materials, digital tools"
59,Beauty & Spa,Health-conscious individuals who value self-care and relaxation.,"Launch a luxurious beauty and spa center offering high-end services like skincare, haircare, and wellness programs.",Service sales. Product sales. Membership and loyalty programs.,Experienced therapists and beauticians. High-end product suppliers.,"Crafting unique, personalized experiences. Building loyal client base. Staying updated on trends.",Luxurious facilities and equipment. Expert staff. Strong marketing.,ISFP,ISFPs have a strong aesthetic sense and enjoy creating pleasant sensory experiences.,https://i.spread.name/95d88aae-b628-4841-9de7-5c99054b1f02_59.png,Social media. Loyalty programs. Partner with local businesses. Run seasonal promotions. Email and SMS marketing.,"Beauty tips, spa treatment guides, wellness advice, customer transformations.",50-65% margin on beauty services,"Professional skincare products, salon equipment, spa tools"
60,Start A Real Estate Business,Savvy investors and homebuyers seeking expert guidance in real estate.,"Start a real estate business offering expert services in buying, selling, renting, and managing properties.",Commission-based sales and rentals. Property management fees. Consulting services.,Experienced agents and brokers. Property developers.,Building network of contacts. Staying updated on market trends. Providing exceptional client service.,In-depth market knowledge. Strong networking and communication. Access to technology.,ENTJ,ENTJs are strategic thinkers with strong leadership skills.,https://i.spread.name/a1c3c825-d775-4855-947e-40768c1ab177_60.png,Leverage online platforms. Social media. Host open houses. Offer referral discounts. Google Ads.,"Market reports, property tours, buying guides, investment tips.",2-5% commission on transactions,"CRM software, marketing materials, property listing platforms"
61,Breakfast Joint/Takeaway Counter,Busy professionals and families who value convenience and a delicious breakfast.,"Open a breakfast joint or takeaway counter, serving mouth-watering morning meals and beverages.",Food and beverage sales. Catering services. Loyalty programs.,Local food suppliers. Coffee and beverage providers.,Crafting a unique menu. Building loyal customer base. Managing efficient operations.,Commercial kitchen space. Experienced chefs and staff. Strong branding.,ESFP,ESFPs are energetic and enjoy creating experiences.,https://i.spread.name/c8496797-b329-4705-993e-75317c3bdf82_61.png,Social media. Offer morning deals. Partner with local gyms. Loyalty programs. Food delivery apps.,"Breakfast recipe content, morning routine tips, menu showcases.",30-50% margin on food sales,"Fresh ingredients, packaging, cooking equipment"
62,Juice Point/Shakes Counter,Health-conscious individuals who crave refreshing and nutritious beverages.,"Launch a juice point or shakes counter, offering a variety of healthy, delicious drinks made with fresh fruits and vegetables.",Drink sales. Loyalty programs. Catering services.,Local farmers and fruit suppliers. Health and wellness experts.,"Crafting unique, healthy recipes. Building loyal customer base. Managing efficient operations.",Commercial juicing equipment. Experienced staff. Strong branding.,ISFJ,ISFJs are detail-oriented and caring.,https://i.spread.name/8343aefa-578b-4dbd-a006-71fdf400c4cd_62.png,Social media. Offer health packages. Collaborate with gyms. Loyalty programs. Online delivery promotions.,"Juice recipe videos, health tips, ingredient spotlights, customer testimonials.",40-60% margin on beverages,"Fresh fruits, vegetables, juicers, blenders, packaging"
70,Old Book Bank,"Passionate readers and lifelong learners who appreciate affordable, pre-loved books.","Start an old book bank, collecting and refurbishing used books to sell or donate, promoting literacy and sustainability.",Sales of refurbished books. Donations and grants. Partnerships with schools.,Book donors and collectors. Publishers and authors.,Collecting and refurbishing used books. Building relationships. Promoting literacy.,Knowledge of book collecting. Strong networking skills. Ability to manage logistics.,INTP,INTPs have a love for knowledge and systems.,https://i.spread.name/e999d71c-3c2a-4c46-8818-d5e6d63243ba_70.png,Local advertising. Social media. Host book events. Leverage local advertising. Customer loyalty programs.,"Book recommendations, reading tips, library stories, donation drives.",50-70% margin on book resales,"Book storage, cleaning supplies, repair materials"
71,Start A Grocery Shop,Convenience-seeking local residents looking for daily essentials and household items.,"Open a grocery shop, offering a wide range of fresh produce, meats, dairy products, and household essentials.",Sales of grocery items. Loyalty programs. Partnerships with local suppliers.,Local farmers and food suppliers. Food manufacturers and distributors.,Sourcing high-quality products. Building relationships with suppliers. Maintaining welcoming store.,Knowledge of grocery retail. Strong communication skills. Ability to manage inventory.,ISTJ,ISTJs are detail-oriented and organized.,https://i.spread.name/38bc666f-610d-42e1-9f24-9437c946a2f9_71.png,Create strong online presence. Offer loyalty programs. Engage with community. Leverage local advertising.,"Product highlights, healthy eating tips, local sourcing stories, weekly specials.",10-25% margin on grocery items,"Refrigeration units, shelving, POS system, inventory from distributors"
73,Tiffin Service,"Busy professionals, students, and health-conscious individuals seeking convenient, homestyle meals.","Start a tiffin service, offering healthy, freshly prepared meals to busy professionals, students, and seniors.",Sales of meal plans and subscriptions. Catering services. Partnerships with businesses.,Food suppliers and farmers. Nutritionists and dietitians.,Preparing and delivering fresh meals. Building relationships. Managing logistics.,Commercial kitchen space or home kitchen. Understanding of food safety. Ability to create varied menus.,ESFJ,ESFJs are nurturing and attentive to others' needs.,https://i.spread.name/f5544a81-85a1-494f-9d07-d62db432bd67_73.png,Create online presence. Leverage local advertising. Engage with community. Offer discounts. Collaborate.,"Meal prep content, nutrition tips, customer reviews, delivery area guides.",30-45% margin on tiffin services,"Tiffin containers, fresh ingredients, delivery bags"
75,Franchisee,Aspiring entrepreneurs seeking proven business models with established brands.,"Open a franchise business with an established brand, benefiting from brand recognition, training, and operational support.",Sales of products and services. Service fees. Loyalty programs.,Parent franchise company. Customers. Local community.,Building and managing franchise operations. Providing excellent customer service. Marketing.,Franchise fee. Compliance with brand standards. Strong management skills.,ESTJ,ESTJs are organized and good at following established systems.,https://i.spread.name/a0b5d504-9725-4a44-9239-6df9601ddbe2_75.png,Leverage brand marketing. Local advertising. Customer loyalty programs. Community engagement.,"Franchise success stories, brand highlights, local community involvement.",10-30% margin depending on franchise model,From franchise supply chain per brand requirements
76,Upcycled Furniture Business,Eco-conscious consumers appreciating uniqueness and craftsmanship of upcycled pieces.,"Start an upcycled furniture business, transforming old and discarded furniture into unique, eco-friendly pieces.",Sales of upcycled furniture. Custom orders. Workshops and classes.,Suppliers of old furniture and materials. Interior designers.,Sourcing and collecting old furniture. Designing and creating upcycled pieces. Marketing.,Knowledge of furniture design. Strong creativity. Ability to manage logistics.,INFP,INFPs are creative and often environmentally conscious.,https://i.spread.name/df19a9ef-a7d7-4ff6-a214-871e49efc9e6_76.png,Social media showcasing. Collaborate with interior designers. Offer workshops. Participate in craft fairs.,"Furniture transformation videos, upcycling tips, eco-friendly living content.",50-70% margin on upcycled pieces,"Old furniture, paints, varnish, tools, fabric"
77,Grooming And Care For Pets,Pet owners who treat their furry companions as family members.,"Start a pet grooming and care business, offering services like bathing, trimming, nail care, and training.",Grooming and care services. Pet food and supply sales. Training and behavioral services.,Pet owners and caregivers. Veterinarians.,Providing grooming and care services. Marketing. Building relationships.,Knowledge of pet grooming. Strong communication skills. Ability to handle and care for animals.,ISFJ,"ISFJs are patient, detail-oriented, and nurturing.",https://i.spread.name/b6f4e6c9-e574-4f42-bfbb-3b9e2679a1e0_77.png,Social media presence. Referral programs. Collaborate with local businesses. Offer special packages.,"Pet care tips, grooming before-and-afters, animal care guides.",50-60% margin on grooming services,"Grooming tools, pet shampoos, nail clippers, tables"
80,Portfolio Shoots,Creative professionals and businesses seeking unique visual storytelling.,Offer portfolio shoot services creating unique and imaginative photography for clients in various industries.,Freelance photography projects. Sales of stock photographs. Licensing of photographs.,"Clients in publishing, advertising. Other creatives for collaborations.","Creating high-quality, imaginative photographs. Marketing. Building relationships.",Photography skills. Understanding of lighting and composition. Strong portfolio.,ENFP,ENFPs are creative and good at connecting with people.,https://i.spread.name/45cb2012-00cd-49d4-83ee-94d4b54d6a1e_80.png,Build strong online presence. Collaborate with designers. Offer free resources. Attend art markets.,"Photography tips, portfolio showcases, behind-the-scenes shoots.",70-80% margin on photography services,"Camera, lenses, lighting, editing software"
87,Solar Energy Business,Environmentally conscious homeowners seeking long-term energy savings through solar power.,"Start a solar energy business, installing and maintaining solar panel systems for residential, commercial, and industrial clients.",Sales and installation of solar panel systems. Maintenance services. Partnerships.,Solar panel manufacturers and suppliers. Electricians and installation experts.,Installing and maintaining solar panel systems. Marketing. Building relationships.,Knowledge of solar energy and installation. Licenses and certifications.,INTJ,INTJs are strategic thinkers with a future-oriented mindset.,https://i.spread.name/2d03d1ab-64b5-4187-b9fc-8d0ac9f7a001_87.png,Professional website. Utilize social media. Attend trade shows. Offer free workshops. Run ads.,"Solar energy education, installation guides, energy savings calculators.",20-35% margin on solar installations,"Solar panels, inverters, wiring, mounting systems"
90,Newsletter,"Curious, knowledge-hungry professionals seeking concise, insightful information.","Start a newsletter subscription business, offering monthly delivery of curated content including exclusive articles, products, and resources.",Monthly subscription fees. Partnerships with brands and sponsors. Sales of additional resources.,Content creators and contributors. Brands and sponsors.,Curating and creating exclusive content. Building subscriber relationships. Partnering with brands.,Knowledge of content curation and marketing. Network of contributors.,INFJ,INFJs are insightful and good at spotting trends.,https://i.spread.name/947cb0bc-69b8-4257-a121-588310019aed_90.png,Create strong online presence. Leverage social media. Partner with brands. Offer promotions.,"Industry insights, curated news, expert commentary, trend analysis.",70-80% margin on subscription revenue,"Email marketing platform, content tools, design software"
94,Podcast,"Curious, on-the-go individuals seeking engaging audio content.","Start a podcast business, creating and producing high-quality, engaging audio content on a specific niche or topic.",Sponsorships and advertising. Listener support. Affiliate marketing. Premium content.,Guests and interviewees. Sponsors and advertisers. Audio equipment providers.,Creating and producing high-quality podcast content. Building loyal audience. Managing sponsorships.,Knowledge of audio production. Quality equipment. Ability to build audience.,ENTP,ENTPs are quick-thinking and enjoy exploring various topics.,https://i.spread.name/4af263f3-635a-4674-a89e-8588be2619f5_94.png,Leverage social media. Collaborate with other podcasters. Create website. Email marketing. Submit to directories.,"Episode highlights, behind-the-scenes content, guest spotlights.",60-75% margin after production costs,"Microphone, recording software, editing tools, hosting platform"
95,Bridal Accessories Store,"Brides-to-be seeking elegant, personalized accessories for their perfect wedding day.","Start a bridal accessories store, offering a wide range of high-quality, unique accessories for brides.",Sales of bridal accessories. Alteration and customization services. Partnerships.,Suppliers of bridal accessories. Wedding planners and venues.,Sourcing and curating unique bridal accessories. Providing exceptional service. Marketing.,Knowledge of bridal fashion. Beautiful store location. Ability to build customer relationships.,ESFJ,ESFJs are attuned to others' emotions and social norms.,https://i.spread.name/e479e41c-4166-4315-ae71-c72bc5901d82_95.png,Leverage social media. Partner with wedding planners. Attend bridal shows. Offer limited collections.,"Bridal styling guides, accessory inspiration, real wedding features.",50-60% margin on bridal accessories,"Veils, headpieces, jewelry, shoes, sashes"
96,Niche Accessories Brand,"Style-savvy enthusiasts seeking unique, specialized accessories to express their passion.","Start a niche accessories brand, designing and manufacturing unique, functional accessories for a specific community.",Sales of niche accessories. Partnerships with niche brands. Online sales.,Suppliers of materials. Influencers and brand ambassadors within the niche.,Designing and manufacturing niche accessories. Marketing. Building community relationships.,Knowledge of the niche. Design and manufacturing capabilities. Ability to build relationships.,INTJ,INTJs are strategic and innovative.,https://i.spread.name/8044b032-2b66-48eb-81bb-3c2f16007d7e_96.png,Leverage social media. Collaborate with niche influencers. Offer limited editions. Attend trade shows.,"Niche-specific content, product showcases, community stories.",50-65% margin on niche accessories,"Specialty materials, tools, packaging"
97,Wedding Planner,"Engaged couples seeking professional expertise to create seamless, personalized weddings.","Start a wedding planning business, offering customized planning services from venue selection to vendor management.",Planning fees (flat rate or percentage). Vendor commissions. Add-on services.,Venues and vendors. Wedding dress and attire suppliers. Officiants.,Meeting with couples. Creating personalized plans. Coordinating logistics.,Knowledge of wedding planning. Network of reliable vendors. Attention to detail.,ESTJ,ESTJs are organized and efficient.,https://i.spread.name/63f229f3-8340-424a-af8d-ad8d0724f4cd_97.png,Create stunning website. Leverage social media. Partner with venues. Attend bridal shows. Free planning guides.,"Wedding inspiration, planning tips, vendor spotlights, real wedding features.",15-25% of wedding budget,"Planning software, vendor contacts, contract templates"
98,Digital Agency,Forward-thinking businesses seeking comprehensive digital solutions.,"Start a Digital Agency offering services in web design, development, and marketing.",Client projects. Retainer fees. Add-on services.,Web developers. Designers. Copywriters. Marketing experts.,Building and maintaining client relationships. Delivering high-quality digital solutions.,Team of skilled digital professionals. Project management tools. Industry knowledge.,ENTJ,ENTJs are strategic thinkers with strong leadership skills.,https://i.spread.name/23d1bd7e-0f6e-4821-a97f-55ad36b1b102_98.png,Create professional website. Utilize social media. Offer free resources. Networking. PPC ads.,"Digital marketing tips, case studies, industry insights, client success stories.",40-60% margin on project fees,"Design software, marketing tools, project management software"
99,Women's Clothing Line,"Style-conscious women seeking fashionable, quality clothing that expresses their personal style.","Launch a Women's Clothing Line, focusing on style, comfort, and empowerment.",Sales of clothing items. Online and in-store sales. Wholesale and partnerships.,Suppliers of fabrics and materials. Manufacturers. Influencers.,Designing and producing clothing lines. Marketing. Building strong online presence.,Knowledge of fashion and design. Manufacturing capabilities. Marketing expertise.,ISFP,ISFPs have a strong sense of aesthetics and are attuned to sensory experiences.,https://i.spread.name/95cf0830-7825-4893-94c0-e549b7a1505e_93.png,Leverage social media. Collaborate with influencers. Launch fashion blog. Offer limited collections. Pop-up shops.,"Fashion lookbooks, styling tips, fabric stories, designer process.",40-60% margin on clothing,"Quality fabrics, manufacturing partners, packaging"
100,Niche Blog,"Passionate enthusiasts seeking in-depth, specialized information and community.","Create a Niche Blog, sharing expertise and building a community around a specific topic.",Advertising. Affiliate marketing. Digital products. Sponsored content.,Guest bloggers. Influencers and industry experts. Affiliate programs.,"Creating high-quality, engaging content. Building loyal audience. Promoting products.",Knowledge of the niche topic. Writing skills. SEO expertise.,INTP,INTPs enjoy exploring complex topics in depth.,https://i.spread.name/4af263f3-635a-4674-a89e-8588be2619f5_94.png,Leverage social media. Guest blogging. SEO. Email marketing. Collaborate with influencers.,"Niche-specific articles, tutorials, expert interviews, resource lists.",60-75% margin on digital revenue,"Blogging platform, content tools, SEO software"
